frontalpole-rh,frontalpole-lh,rostralmiddlefrontal-rh,rostralmiddlefrontal-lh,parsorbitalis-rh,parsorbitalis-lh,medialorbitofrontal-rh,medialorbitofrontal-lh,rostralanteriorcingulate-rh,rostralanteriorcingulate-lh,parstriangularis-rh,parstriangularis-lh,lateralorbitofrontal-rh,lateralorbitofrontal-lh,superiorfrontal-rh,superiorfrontal-lh,caudalanteriorcingulate-rh,caudalanteriorcingulate-lh,parsopercularis-rh,parsopercularis-lh,caudalmiddlefrontal-rh,caudalmiddlefrontal-lh,temporalpole-rh,temporalpole-lh,insula-rh,insula-lh,entorhinal-rh,entorhinal-lh,precentral-rh,precentral-lh,posteriorcingulate-rh,posteriorcingulate-lh,superiortemporal-rh,superiortemporal-lh,postcentral-rh,postcentral-lh,transversetemporal-rh,transversetemporal-lh,paracentral-rh,paracentral-lh,middletemporal-rh,middletemporal-lh,parahippocampal-rh,parahippocampal-lh,inferiortemporal-rh,inferiortemporal-lh,supramarginal-rh,supramarginal-lh,fusiform-rh,fusiform-lh,bankssts-rh,bankssts-lh,isthmuscingulate-rh,isthmuscingulate-lh,precuneus-rh,precuneus-lh,superiorparietal-rh,superiorparietal-lh,inferiorparietal-rh,inferiorparietal-lh,lingual-rh,lingual-lh,cuneus-rh,cuneus-lh,pericalcarine-rh,pericalcarine-lh,lateraloccipital-rh,lateraloccipital-lh
0.0,0.010402095503413663,0.05746947090458731,0.050654090943431984,0.05655194732518952,0.032526705035903526,0.0807496871279581,0.03245116759645734,0.025021823856862378,0.022920196533819315,0.05582782784354764,0.024933264606804763,0.02167185168926585,0.02000870659802719,0.10517384888609814,0.06900798998755361,0.019429576328791876,0.008222021455212966,0.06822529402214438,0.08719873975026292,0.10181666505668262,0.060183467159142676,0.007682797557631319,0.009157930872576846,0.013154631548274322,0.012090925690316565,0.009716355103999519,0.021568861260016923,0.09468605478716632,0.12055576764156957,0.021014281266645268,0.017282214093372123,0.07161462307405171,0.09250534460830437,0.06009640269029935,0.05976926542293142,0.002887826180013389,0.008404117526281039,0.004762522033550067,0.00448817219802911,0.057374154733429335,0.08064236861727062,0.002233334378257468,0.0038594155201760855,0.053901130068101946,0.04352010150120006,0.14295403737064594,0.1388804136322545,0.05891302740660673,0.07134497502479069,0.012671649304174366,0.03974493297968417,0.01142435181832365,0.03400538822808914,0.08315952776250525,0.047590336233942536,0.0580149324924643,0.08765653773499225,0.0971518462461931,0.0954177756939693,0.05610730908260936,0.050663455326733296,0.030553308757068947,0.020585635043596572,0.05981639265014686,0.08459987179527237,0.13505835470543306,0.08132349314797871
0.023677979319722715,0.0,0.057517534154095884,0.05382627164790046,0.05802322085160111,0.035086975250992886,0.05195363810066303,0.023186945735559957,0.024349409628414226,0.02433472891656159,0.05764437220719358,0.031805842920822405,0.025794319454784394,0.022250855938854314,0.10227839847711434,0.07190988943384201,0.02096425945633623,0.008226735946284945,0.07218813133141776,0.09043140512504351,0.09647949809897953,0.06006425299668176,0.007525087474359644,0.008596191756418724,0.01186159729147779,0.011871949958450999,0.00945808939488291,0.023436969886949065,0.08813824949174169,0.11779906217576419,0.02159915062140769,0.017025745370361937,0.07045702980825166,0.0966134430629096,0.063282147279076,0.06228183321247944,0.0029555682163537773,0.008398658302738752,0.004588578206558312,0.00440372627688366,0.05843743801763204,0.08269307133624583,0.0020417487278372535,0.0037506695188930764,0.05002981257717433,0.044577601812866866,0.13544493915415237,0.13880502321443638,0.05649152286929122,0.07364749075984606,0.011600777083366336,0.04138630503235901,0.011112063301788098,0.032964395469717106,0.08064921390197839,0.04745688460144386,0.06022322038193949,0.08886913604402989,0.0936229544326845,0.09817037967110204,0.054218281759861056,0.047770488575105,0.029558281868582975,0.020094623854281825,0.06344607737976232,0.0817019623071594,0.1343781514748015,0.08680277356371692
0.024274933904109636,0.010343727295233722,0.0,0.051739470502612156,0.05809893892491799,0.0362256118049174,0.0545188786492604,0.024486218555484177,0.02228233844045495,0.022108512629248216,0.059745493051228775,0.028322700544958418,0.024766819009050638,0.021501908322130486,0.1048968150059094,0.06679190788501507,0.020137161559244086,0.007934185636018746,0.07404452775619176,0.0895855941582041,0.09547684041700391,0.05998015642699854,0.007822942675839802,0.008522300641037046,0.011944806863245071,0.011706943872895498,0.00980008357596655,0.02255175813808939,0.08726110540775539,0.11810666685906708,0.022155984359953546,0.017113308533138416,0.06982823146307433,0.09774966338373865,0.06368597581308959,0.06193191208062498,0.0029648442582991797,0.008209846498699993,0.00451523202302077,0.004371899614572742,0.05885873281740529,0.08416272018900578,0.0020722555582074692,0.003694905287820019,0.05129362823015885,0.04407834720262194,0.1374681591552837,0.13623820721214855,0.0565602044085007,0.0717648160173702,0.01168775057359567,0.0411097676838651,0.0110009652842736,0.03305461475982759,0.08112745404727334,0.04723090153948972,0.05973730616406356,0.08846251218918239,0.09531367637447229,0.0989186671915131,0.054067215043525595,0.0477949715768027,0.0294412027024319,0.02003768055418626,0.0631851017995594,0.08254287454374395,0.13397508267643368,0.08770540921083739
0.02324150338051284,0.010496911628896828,0.056700637248291594,0.0,0.05748891853849663,0.03716577829500952,0.05168027656210348,0.02547544076222751,0.023920458818440807,0.02222367360204745,0.057547008975908934,0.030258291317450267,0.024795992807300476,0.021696140031291448,0.10100729093269208,0.06940255391860937,0.020650622999057393,0.008139770715770853,0.07189895733324134,0.08976486972872184,0.09884608757243135,0.060232873282233666,0.007356125615612418,0.00876359268920284,0.01196317950078695,0.011596924423214779,0.00939564252259793,0.02276335708779123,0.08989021097568571,0.11934921617302631,0.02163005401257569,0.017114525744787574,0.06996479232204834,0.09848954929603833,0.06336543311862941,0.06267691104621514,0.002955162857417658,0.00824374258411143,0.004586843657355987,0.004422549590907223,0.05883750122157985,0.08299484198959182,0.0020621536089883456,0.003658595444989575,0.05045642946170928,0.04370906772678768,0.1367937435265573,0.13722151513153188,0.057069683430924965,0.07200181942761347,0.011711864144977864,0.041163781296721054,0.011069230360252348,0.0327878997287011,0.08097544789736062,0.04697038984676149,0.059758349577899446,0.08790331163487201,0.09400128072732383,0.09751717996540221,0.055268805592621865,0.04792088145715437,0.029401129229602224,0.019790409076813113,0.06321501117338808,0.08119318520340923,0.13450025906544782,0.08650403385673379
0.0248992650151755,0.010259649388347374,0.056983890569474366,0.05123033575150485,0.0,0.040876657991609625,0.05896997613000644,0.02442804381251189,0.025132344452246755,0.02729101175136186,0.10232059039304932,0.03315061978272285,0.04009751723282337,0.027117467077510192,0.12070961922371508,0.07616450587434799,0.023071672048340392,0.009440785932662713,0.07787863470162013,0.1016301451411837,0.10825301519755474,0.05867937754526259,0.011205013633536627,0.0094807465632115,0.014492080004309333,0.013334064142143111,0.01197077899665649,0.023697613101191128,0.10159993535089451,0.1297856194279548,0.02162089406214256,0.018451584305860358,0.0740122972127893,0.10251741365501603,0.06117193001275729,0.06025127538398635,0.002896409232896128,0.0080589936574055,0.004922976465901888,0.004790072191004467,0.06052730022022949,0.09217227565198362,0.0023016160534081497,0.004275095047174807,0.057912763586037905,0.05048386365223086,0.15189064538543603,0.15965292654279042,0.0626312587552259,0.08203449080873922,0.012053600846284068,0.04082384539712617,0.011613396158149006,0.03298289089462787,0.08354458326694551,0.04629107145373675,0.05881721913461727,0.0867940919380299,0.0969505919784072,0.09751784454955217,0.058011904574823726,0.04984448624920152,0.02990534135053261,0.019780561901470123,0.061501136525800706,0.08391248108166545,0.13732031294259991,0.09163833656467822
0.02394152956554168,0.008774569171495975,0.05454027221909425,0.04858031708874605,0.0632570344604399,0.0,0.08269249389231918,0.02368856027650526,0.025929616332673645,0.02967694783177429,0.06822049910346785,0.03932861816742626,0.03945906477798167,0.05192309381018124,0.13535231688645902,0.08456088558027981,0.025876859113493352,0.010663711200347323,0.09850406176453744,0.20273925968188766,0.11454289380122717,0.05804186049309819,0.00958007038205302,0.012541314917944373,0.01658491703709125,0.015847194572288916,0.010331237469566535,0.024965207425271085,0.12015190367250916,0.15766687504409857,0.020183881280007653,0.019825200371279533,0.06774793412877808,0.11875988908071043,0.058188244455869155,0.0557260975113441,0.0027070942192824314,0.008075046451641074,0.005851431430599512,0.00568559004473926,0.05388690442810585,0.10222628441753924,0.0027799474705281916,0.005281680603083442,0.06815973777979417,0.06307769321378368,0.17079761830935922,0.19538277335090803,0.07019568670603551,0.10261333336679991,0.013619016166632972,0.038867938182592085,0.012534105564052963,0.036604752415949814,0.08607861452978549,0.05513462655415466,0.053236747911000526,0.1075677958449636,0.10809851304796245,0.105518478452242,0.06332742973907649,0.057109992666657464,0.034446969943783,0.022247866571829304,0.05876878970624432,0.08780483174118092,0.14836776295063328,0.10581025756579734
0.04360317591020789,0.009044506151521291,0.04874937714522535,0.03902583199221033,0.05650884960953846,0.054239662077006756,0.0,0.0329569155811449,0.03341135075614128,0.05946628971695674,0.06047427503333678,0.04107685794707976,0.05081345340242351,0.05551035687079135,0.27122320705129405,0.09473610633964559,0.02534128602266547,0.016417484440642074,0.10375979985969376,0.14532896420314417,0.15255975626137722,0.05286504211408676,0.013250823409255824,0.020371011602048072,0.030825710792735217,0.02774507729865638,0.009945394845689922,0.019602467608159112,0.19011325786164374,0.24598816883164848,0.016457086326668924,0.024238814793479967,0.07033378175832808,0.1376898964367527,0.05120682896409128,0.050077448720415425,0.0023890312371771727,0.006968240617285362,0.008876155483540767,0.00853764706826668,0.04738636988608742,0.16300260235213115,0.0040874373650470535,0.007489007859398688,0.09546865813811838,0.09513302539838246,0.25363037725248055,0.23989637574426623,0.07818714851834116,0.16406791617124605,0.016731112997807503,0.03267843594459066,0.017716485634079987,0.035010216213042705,0.09737262495563426,0.07781711480944067,0.045939694195484514,0.16640189397810656,0.12129390644116338,0.13527794303680932,0.07457931722092424,0.07771640100547021,0.05026718060146973,0.03500603254306164,0.05431919093105337,0.11224914967946402,0.21818352770289245,0.17087078588677362
0.030825575145698572,0.0096949825418767,0.056975269261299456,0.05562988271290473,0.05239164835741694,0.03147119254991948,0.06405313076248367,0.0,0.020635080079008137,0.021433019010230328,0.057450431912356784,0.023307222869083495,0.020900581932065367,0.018772538432832966,0.10039844329434908,0.07664683164416834,0.018756361909918445,0.007672399566193223,0.06440053092123374,0.08236312815400897,0.10268410386760952,0.05899826305830452,0.00769736104122087,0.008045946274809803,0.013100516799931369,0.01260216892909129,0.009373254721457567,0.02103668140419725,0.09999049897872223,0.12256112218724492,0.02137721124233103,0.016509168591505502,0.06724791199553817,0.09414444546318279,0.06232020440940248,0.0614659723891541,0.0028803175631814913,0.008293471127451598,0.005050225260600199,0.004701034453940984,0.057659242360584874,0.09447634788740884,0.0021117078730783618,0.0035624598946567337,0.05020412702779062,0.04358728584641245,0.13678640624791277,0.13025230461296802,0.05753967919511917,0.07080254489233168,0.011696599749413158,0.040217139884003335,0.011324404247655556,0.03364230610847015,0.08255469314048484,0.049296891291697974,0.058766647339208396,0.0907279976342797,0.09995848424692906,0.10323859881429556,0.05526137703425222,0.049867775458453105,0.030294250367149837,0.02008837553510395,0.061091976664409894,0.08693529551117589,0.13716440348978215,0.08728028079344197
0.02546827999965727,0.010433223138816793,0.04932004542175118,0.05007810821933077,0.05994324399041443,0.034856298645285395,0.049997704384977214,0.01868700218352268,0.0,0.03782051321337931,0.06668213358809241,0.03462965162944487,0.026364098537532448,0.02341114366328188,0.10492217410900842,0.06480058218531815,0.0311102512471777,0.009315838508052718,0.06816188072923204,0.0940072908211362,0.12171393332245477,0.056906661367590365,0.007960861678927794,0.009744761660199672,0.013259246268793082,0.011699707124282834,0.010121146544135507,0.022372039945499623,0.10175553933852531,0.13520309540488504,0.021512253966584967,0.019961140981394843,0.07249776373294305,0.10736720089683892,0.06069766824520799,0.0577900208524077,0.0028620040652776978,0.008049494341306392,0.00489141879712091,0.004882870151343443,0.05610165805023346,0.0867744894406793,0.002112593312818924,0.0038657372024940976,0.05366980955983338,0.046409159884348634,0.14797792921671735,0.14342673151203952,0.05548315478135359,0.07464654033978876,0.013576330151558671,0.040123976916991225,0.010643439731853617,0.03208612023928151,0.09102734079788613,0.05077180946990414,0.056710751915418446,0.09706244781795365,0.0940282846943145,0.10381200897432467,0.05605267907858071,0.05077574811192098,0.03226103671225305,0.021094315276615767,0.06326122985912308,0.08787272745933696,0.1455560814367479,0.09438743460988884
0.026104383488419907,0.009737115554252686,0.04400623080058218,0.04111234938237144,0.06403659933407335,0.04891901299779166,0.10112133542272937,0.02009511069100892,0.05123697695340242,0.0,0.0756333980534781,0.052873943062815044,0.05702617123016866,0.0523734077063329,0.16349687939938604,0.09316649411987288,0.037765870308930985,0.01801886255291764,0.10096809736869843,0.14484544756540807,0.1753669646422773,0.056376999289576214,0.013410261494641114,0.01752447173558768,0.023930817121091748,0.026991886894012565,0.01052633055209456,0.020244481948741892,0.17501701714968457,0.24315833291149963,0.018942850899152763,0.02571407023093337,0.07630023675056334,0.14810199136082955,0.057885079620530126,0.0538497174637424,0.002372119413718223,0.0072306256777172825,0.008833388000741097,0.008841223154443974,0.05098706597959042,0.15171362903402302,0.0036925036200654033,0.007206336159946607,0.09069590914686225,0.09066002012644843,0.2258847787716018,0.2326855502429608,0.07911341831238636,0.14732298366960447,0.01700321965292411,0.03463771203285349,0.017773296477693008,0.03529436236111233,0.10468738778852907,0.07437632936372612,0.04902436300480273,0.16179741706745096,0.11540556667290747,0.11837888852876917,0.072177113892037,0.0737533269039423,0.05308395589373165,0.03527168048903413,0.05660968802029645,0.10363237956701048,0.23306417906306862,0.16391145528499573
0.02461782546741883,0.009784224159284313,0.05450255280522523,0.04942728434536623,0.09644843355830808,0.04216730566180069,0.056812256312981126,0.02492150807344798,0.0269879574372045,0.029245191576380374,0.0,0.03295104928096092,0.0315155743853878,0.025252738225994453,0.1191603324695667,0.07920809747602044,0.03103101294472974,0.011019529999630982,0.07162102141269686,0.10726975445883212,0.1353311963362527,0.05761141124305177,0.012654700887668981,0.0098500126264439,0.01590656135044429,0.013917423534004908,0.013066591139847887,0.022693792823319524,0.11856938735023154,0.13890942353616675,0.021607199593111682,0.019543063270331982,0.07393706769180941,0.11101079547304717,0.059880888682186724,0.05770412581161772,0.002783494784952585,0.008010455454876289,0.005394089361576382,0.0052527258302229865,0.059235561485226094,0.09603344437518792,0.0023942972691782683,0.004380959621721577,0.061610781674875256,0.05143812349135932,0.15724965490859646,0.16201469871853666,0.062208225587960186,0.08198113534827622,0.012581374018495677,0.03966416630542621,0.01185867757857805,0.033388255215487904,0.0860614244609582,0.05071182432381495,0.05649968691428783,0.09367713257744621,0.10596832275270796,0.10364726931746124,0.05695322812620165,0.052099629496935605,0.031509711073002135,0.020893355334047008,0.0604572167126716,0.08782448165315063,0.13632542819296262,0.09424226349539289
0.020711746988347237,0.010943560143241977,0.05338703927630073,0.05011597575415567,0.06290537530583354,0.044401980730559946,0.06666112899251288,0.020031071146721858,0.028325786346909868,0.03304993332804677,0.06421053766086371,0.0,0.04238179818176242,0.04965542489557171,0.1588026724670572,0.10053566497881418,0.028587237605204305,0.014214962531409895,0.08916777389794849,0.1554336996449718,0.12390093245096875,0.06381392692476746,0.009319161580219065,0.014447434033104384,0.015504893024318614,0.021657661143493327,0.010559677898319436,0.02672922808864487,0.1233367169454678,0.19038786514571274,0.01979431651100211,0.021737240643342932,0.07723055005127213,0.13696967328470658,0.06132689761492122,0.057230948826908865,0.002659470466917943,0.007733877828812182,0.00633955712350185,0.006766471777179393,0.05401786672588569,0.1135774650047311,0.0025704661415992336,0.006026139550783076,0.06340250156141002,0.0692610720726424,0.16628684772440858,0.20251501423465915,0.07066178685709897,0.11625760046975128,0.013645132005241747,0.038781601692126154,0.013790441340594007,0.03631660730102967,0.08906540396260598,0.06001390243256174,0.053028856617879934,0.12634649448775703,0.10364042089893352,0.11739145113773275,0.06551946467286553,0.05926133980608131,0.03889634460496694,0.025637121927686413,0.06121467951969715,0.09713304162305247,0.1730097991644599,0.12068437195797357
0.02739873925131145,0.008906946243386197,0.04582906578046192,0.042285023806392846,0.08759017663649556,0.061845878589124444,0.1270841778727104,0.022705020773409468,0.027822806930672458,0.05674547579146312,0.07933208865951334,0.052708856865953335,0.0,0.09725207284527479,0.18851824728362737,0.0831208276835936,0.02886747963777816,0.01868255888029383,0.11626241062797703,0.16712523740871893,0.1684518437839739,0.053854098583145944,0.024011110033763976,0.016850511736507794,0.02791468422280557,0.027573340924163428,0.01230091218129112,0.020363615980105824,0.2013314361782368,0.26677411597827566,0.01816702948376976,0.026820476879064453,0.07125226020159062,0.14090887538449137,0.053529487263960215,0.05100382964218816,0.002285100781294469,0.007315887704712152,0.010303327510410297,0.009970668891968577,0.03972365076970144,0.1818985159865931,0.004368382100950846,0.008299049027752645,0.12815136295017426,0.1123106676334075,0.2748708580662519,0.2651469287810087,0.08411113772051193,0.17528687883613078,0.017234073545524052,0.03311254841906509,0.017164858717119553,0.03341150556789507,0.102563293711797,0.07899612275430319,0.04702927734529814,0.17188511531298106,0.11725174363316544,0.11963669341413201,0.07610957235735989,0.0783211243341121,0.052851475197429276,0.03826538377004056,0.05643529725540227,0.10573129964733617,0.24894864459959806,0.1977334108545593
0.024443465354480186,0.008063828842590713,0.04466586338024057,0.04012989107499576,0.06435957800734578,0.09707482964390177,0.13696384897391106,0.024931056226150095,0.030533460062634736,0.05960339448665656,0.06658519991425788,0.08105027860905918,0.09268686581098942,0.0,0.17061143317735744,0.09602862549125513,0.02957419204067943,0.01850311916756671,0.09869326899054293,0.24008498415637192,0.15537532554726285,0.052950518456113455,0.012556283178244615,0.023691901450998386,0.024814868653919908,0.03258978175056326,0.010084166680931714,0.02329021560760972,0.16372865115011034,0.23135146997980865,0.017697612518025135,0.024967839158737227,0.06795864990770922,0.15200997193198032,0.052551570914551,0.049266446662955966,0.002331518764829833,0.007127818063420387,0.008279688482018441,0.008050546561834265,0.04631542950114408,0.15406245233615115,0.003811828905608498,0.008172879803464888,0.09842209221289677,0.11236178960462061,0.2338903278663956,0.2535338684399267,0.08933047820446899,0.21927325480234813,0.016062649094278708,0.033708955277072954,0.017189410401675854,0.03642666374089998,0.10125371835460578,0.07214547037044779,0.045875423908556895,0.15356925219308173,0.11786701536016723,0.1276664086838792,0.07804726169510393,0.07686779905893336,0.049878886858314764,0.03198893485470746,0.05471251709505858,0.11104051653337874,0.22010200141265168,0.1761756074589885
0.028490965015832818,0.009678191287181698,0.05668654070371657,0.046037764278932025,0.06773388201404278,0.0500508756758408,0.1202675780929915,0.0249075978868558,0.03257126860424346,0.04093529452682335,0.06717734511715144,0.04580220738445531,0.044056692728956265,0.037846769935553026,0.0,0.11976405953641318,0.02564245459424635,0.014062267793904536,0.10738034886574066,0.1404036769601508,0.1242373851617301,0.05765537448762826,0.010304306207033903,0.0137741412818174,0.019909907248341404,0.019059802494259603,0.01080182617945702,0.022462619328080313,0.12376232887655875,0.18136381368435908,0.021626012753075956,0.0214320072341251,0.0758614939003396,0.13552622541472456,0.05938032360398242,0.0551751462273094,0.0027334947786017217,0.00780329788764522,0.006391659329427896,0.007219468064007274,0.05386974104709598,0.11932376797124307,0.0028320044983492975,0.0059051132802442575,0.06953265963761893,0.06910332040683653,0.19484562864925947,0.20075056779343053,0.06440423674105071,0.1100367797072124,0.01410947158113421,0.03809904866657153,0.01256271743584242,0.04009975835382895,0.0965257645618079,0.05490388547822515,0.05267255126678391,0.11603405113959524,0.10962114547239736,0.11398642306813354,0.06396493484674859,0.06738238997236191,0.03749469165696043,0.025166683477585383,0.0609654022446266,0.0987758543668749,0.1460098733864015,0.12215289120078884
0.024202874041675402,0.010374519212727201,0.05289797251786833,0.05059678269097649,0.05899077264354924,0.04350140651269108,0.06825978263021741,0.026882633966001615,0.025413492132879186,0.031464849930725826,0.06306390668857521,0.0429057170356445,0.03039966716017498,0.030000587328410218,0.15960559620615275,0.0,0.022219951861566053,0.010577850229959886,0.0853116984301257,0.12642885169299214,0.10591659483611493,0.06684871286913534,0.008406148570059419,0.010640433179985614,0.01490289504334337,0.015462988775877966,0.010044308335682296,0.02351471417066808,0.10762193844977597,0.13981746121825858,0.019817262432309055,0.016939497229588905,0.07244352984588566,0.1117365628521691,0.057363901995449114,0.05688359091261222,0.0027790080095287544,0.007966583861831682,0.005630692122340477,0.005178552283605931,0.05648888932332878,0.09773014715117814,0.0023937319059075613,0.0045948533351246055,0.057753748411750405,0.05400552523558679,0.1623956346997159,0.16900433523117286,0.06292882637966435,0.08836059606719085,0.013020852809925569,0.03972496358186396,0.01196351534470153,0.036570361501842945,0.08147920496981949,0.05174031331187941,0.05628797349703197,0.09664857803683936,0.10494990991564028,0.10225963612011184,0.05985488099868854,0.05569375700690644,0.03142889905659695,0.020260671897418755,0.05976858642998362,0.08848329864869975,0.1372994073089942,0.09243048520166464
0.024564061109578064,0.0099834409964874,0.05745767404181838,0.04865063219566762,0.06250793618706536,0.04129308747665035,0.05540597445090715,0.022645615588598938,0.03820106411396539,0.03634555986869714,0.08764358057270846,0.04165790658642925,0.03067543692979407,0.027477071920292542,0.10888410818834872,0.060449556629125135,0.0,0.012080173539926731,0.07371192249914067,0.10406380592517975,0.16833638728044986,0.05192145015521613,0.009334178548109298,0.010778746077857313,0.013686268364173583,0.012938973579566014,0.01105224198314996,0.02288889733559295,0.10565139942586643,0.13202402631439641,0.024573150377312294,0.019976998731959975,0.06913000743511553,0.10457704232341042,0.06082180066351073,0.05745809494338765,0.0027414564649753206,0.008061014336785018,0.004603956405845064,0.004770828149470209,0.053517398981639534,0.0953476153143614,0.002236297674064102,0.004126155078383204,0.058314522449983565,0.051090838897731236,0.16328997654848854,0.16103824208206688,0.05917317161302123,0.08015944538650416,0.01282864453288691,0.03920576434005451,0.010391033130472264,0.03349813748182632,0.08877232736491045,0.04748451797366747,0.05575996838737814,0.09117488216090287,0.09659644113210786,0.10124854169742283,0.05754677830789643,0.04992636530343208,0.031728817550514266,0.020903088668539876,0.0606071027560226,0.08179849993355126,0.147027082006807,0.09334336609858264
0.025930588294797746,0.008826432542358606,0.04477878938240167,0.04125911033813453,0.06062265203100098,0.04684752843036968,0.10440505930211301,0.022175157764891762,0.032354063833274264,0.05388899329028785,0.07095931623597632,0.05193555238638896,0.05059542313550081,0.047750622671005064,0.18994535553742822,0.09256742124636363,0.03621358268065302,0.0,0.09535128886749,0.14809403232457793,0.23405838980033775,0.04849242469334749,0.012722929067017413,0.016168257487787874,0.02694648973118238,0.0314332944839606,0.0109585295176025,0.02020590183483189,0.20687446033944687,0.2975487105020579,0.019091094208646867,0.03895930754626739,0.07404789417189077,0.14844999441607717,0.05756184851700049,0.05008574733247287,0.0022119041761800226,0.00667838844666481,0.011586985678462674,0.011513083070956368,0.0454524466410985,0.164756229411909,0.0036904565286509008,0.00802748798327332,0.09821828865979984,0.1010015258091193,0.23540026954840262,0.2429807206670188,0.07769313601313506,0.15231652658921718,0.016186401488876335,0.03336471773899641,0.01607711178722639,0.03326904110096856,0.1065084201152827,0.07973682453777199,0.043174098261348985,0.16622056646788086,0.11677548746748001,0.11106235433032154,0.07369804408710036,0.07615042654430047,0.056000655370237545,0.039266737215553404,0.05873846668406744,0.10458549963102448,0.24330527885725728,0.1801948971189758
0.024361787261192473,0.009895579377428418,0.056836616227479674,0.0494494374814235,0.05946128220713142,0.04680514044611306,0.06900931765366199,0.0231271618649499,0.024503701847747042,0.029648152355484583,0.057214199168095496,0.036169227596935666,0.036727378878943576,0.029565611381972046,0.14071635637396046,0.08231225520301153,0.021580690427314975,0.010515199641601133,0.0,0.11390382302550452,0.10484241067916547,0.05854135605962799,0.009412867366303482,0.009824782743320602,0.018387182062961985,0.014140030863870195,0.01120657469637893,0.02342352793805133,0.11308871964490463,0.15347933285511187,0.02043366971259632,0.02200515526011689,0.06977655661240212,0.10804609570689101,0.06141791677651551,0.05812156294569275,0.002891920482376792,0.008291426445166668,0.005648293545439923,0.0055620104663605344,0.058010016047335536,0.09447115059591918,0.0026720386273102166,0.0045465013275365375,0.0638641438253428,0.05205278445573246,0.19183098691547507,0.16083043572534184,0.06947909851661405,0.08584497431815842,0.012794364540036907,0.03957659837809314,0.0130384098025455,0.03388840882855973,0.08868379233271102,0.05499119994452392,0.05719904389260233,0.1039946309765321,0.10880414675689659,0.10977521332752692,0.06405983494045218,0.056972750509464314,0.03466213091884083,0.022330310004007373,0.061663804571755,0.09137345749355762,0.1518410260206411,0.1048672265302482
0.025246812848185186,0.010001505084294619,0.053549474499442376,0.04756843534296276,0.06483229371819593,0.08419278264737093,0.08111336422939934,0.022186730537770115,0.02949087816496551,0.03757780854044026,0.06874327522079103,0.051940945553218966,0.04467945934557207,0.050908720190440314,0.15729897690184827,0.10059659539611909,0.026135956786039864,0.01269001688685792,0.09988677447226715,0.0,0.1327784675472773,0.05848389379573498,0.010537706215858889,0.015323281962223982,0.017755495471443103,0.02391696505579732,0.010766200193327918,0.02415897880253896,0.13147246257361256,0.1861209889157419,0.020317711182314124,0.02338405202081201,0.06786932453498644,0.12241849514644225,0.06269681241909265,0.0555909819233678,0.0026001755290951077,0.008214391568401121,0.006746731357226555,0.007026950720835864,0.051284912902102624,0.11912734875748833,0.0029135144866973372,0.006370655168608249,0.07136347501219284,0.0742117978115393,0.18749394529136137,0.21454802235833828,0.0699033057363147,0.12367401211319692,0.013214405689214915,0.037678011821552886,0.013244897857756462,0.036519499848422086,0.09326272935572147,0.06198600674416117,0.05312469528570794,0.1295147777723161,0.10497290046717513,0.11770073815826287,0.0635637352390699,0.06521362578885076,0.039417848049833275,0.026885973103115145,0.06222095481347984,0.10021968274704324,0.16733368794990744,0.12648706081389927
0.02646158071172576,0.009437903492281408,0.05202972856337888,0.04602931992670371,0.06101431214003727,0.037683440723109425,0.07308998844370354,0.024436806315920625,0.030301474995485276,0.036291035785386935,0.07339602689462559,0.03667942575025821,0.033293689750161996,0.028998864395368244,0.13033972414855374,0.07521718873242343,0.035547965792744454,0.015582997566731833,0.07270163344097424,0.11169003268858267,0.0,0.0523673515257895,0.009684871648234356,0.012040905333813762,0.02062080127721634,0.01912882849988781,0.010654192523118144,0.021040130797725636,0.2981488100695087,0.234551298492046,0.023457544292386234,0.03469315253648756,0.0785795690046677,0.1362124104885759,0.0694640659185545,0.0562735065489881,0.0026721975697541825,0.007342409686817248,0.011998129611042317,0.010051353745070024,0.05285081695947545,0.12469228042155685,0.0029475460943653472,0.005875831694559951,0.07073490072240163,0.06727814282851824,0.19054889969818908,0.18368910027717295,0.07091546245451608,0.10518520312548886,0.015509987176514018,0.03639684988351863,0.014536735085933006,0.033922872719787445,0.10882578946225487,0.08147092143788508,0.05308705247593316,0.16217674167032872,0.12121722707561403,0.11060436062856958,0.07109841164177993,0.06606019570300246,0.050551609649801654,0.0299391818017337,0.06317976487105575,0.09851368928670252,0.1956407952133424,0.13413265006572986
0.023002342811412516,0.010143100692844418,0.056866185326255335,0.05183097888725756,0.056416067412973454,0.03573838857779257,0.052921775648491515,0.023456224725725894,0.024178453654100013,0.024147959491267024,0.056847291734609014,0.031385209591995915,0.025255564636653932,0.02253761586921824,0.10696845223980635,0.0750881024193432,0.020312236950049335,0.008024364937757905,0.07441457878504601,0.09565098387469739,0.09325741493914944,0.0,0.007411039105314313,0.008952166199335075,0.012198133435615066,0.012765121170782165,0.009280124192036693,0.0227230618109423,0.09381237626113534,0.1399569319278975,0.02104811801807443,0.01582203951671191,0.07189673909624349,0.10861866254339268,0.06348820315844311,0.0629318393277156,0.0028947760384393467,0.008098498277497925,0.004796905672729128,0.004808734112488712,0.057886946076990804,0.08832415944115722,0.002042736577276541,0.0038493428528002596,0.05050435652567236,0.04625560258828154,0.1376719364304255,0.14437142676200096,0.05820911915543224,0.07401487966317888,0.011911118518780984,0.041187971184610074,0.011467118895072272,0.034819758974306135,0.08231231194405303,0.049078033376855144,0.05958641771447627,0.09513892142656398,0.09364061540557266,0.10241589663366368,0.05352739603970759,0.04886391407305793,0.030476484728313536,0.020734776136648102,0.06215217542170333,0.08387678539486984,0.13690746380176194,0.08946414957793489
0.02324636849675414,0.008245527491017599,0.04711009693148994,0.038410153206983204,0.07797859139183479,0.04952061389571198,0.09466091249135873,0.022654358300567834,0.027333188886596187,0.045407159508354986,0.09445127668568364,0.038640300492275834,0.07243672792603066,0.04572827016500403,0.15303664619511403,0.07803846307303294,0.02578746956010308,0.015318700748359584,0.09984976484567791,0.14254987584882625,0.15752198882223206,0.05075290298884644,0.0,0.015094521412394195,0.03950127567582074,0.023744236533424442,0.01810210509909756,0.018381033607205898,0.20085928713287377,0.25202134955639804,0.01664846636817615,0.026684948449831193,0.06682514850796124,0.1328247980591524,0.053181113986579515,0.04853171948775178,0.002248931379034668,0.007339159630775895,0.009768270234288574,0.009113668859672769,0.049143209771623717,0.1562400539866998,0.006696336724930466,0.008395359363879258,0.1669094227076023,0.10149349303482783,0.33580049157768616,0.24085796185738004,0.09872303267736177,0.16014889291229162,0.01621917142108454,0.031967570512537624,0.01858008826092052,0.03284622015853203,0.09238675572830031,0.07616086661253416,0.042631726703208236,0.17491067202660343,0.12253688114478162,0.12178525483274874,0.08799960958521988,0.08354604104491858,0.05305485676087266,0.03710117218400258,0.05375955979269057,0.1048182831289343,0.24457899913165135,0.19523140995680213
0.025603496110390568,0.008989894646514568,0.04786800080236184,0.043736759344590176,0.057737723630337724,0.05434589809330036,0.10944410220865732,0.022335255720045653,0.03191258187973597,0.051549786816947635,0.06913189226286032,0.052367282116043294,0.05218900324313449,0.06048060182946456,0.17061849776441654,0.08854512616826186,0.027195473310621207,0.0149737696898098,0.0977432816051552,0.18353681607359834,0.1482087637115244,0.05303517144798979,0.014013575354066613,0.0,0.024522043263803573,0.036103263724175216,0.011083048426589902,0.020880825727836172,0.17483236790515558,0.2341503047899498,0.0171993841915719,0.024645958063698514,0.06968831931130391,0.177667735430003,0.05519591093934395,0.04979584365222393,0.002484238229536401,0.007155227203552651,0.008337715203588605,0.007867117047454056,0.0450936719518423,0.17282820159971637,0.0037028201624642026,0.010266940876416409,0.09826534481164512,0.1330181172340016,0.23219647546010955,0.29688960245854873,0.07978000331459688,0.2622556848865001,0.016133953016957435,0.03292039625280752,0.017132853869449464,0.036130545754797586,0.09497750145537885,0.07492172980735194,0.04839533772638603,0.16858590311415064,0.11757259681854476,0.13051238233894302,0.06881012568851749,0.07446458953872687,0.04520932355353884,0.031294899399060244,0.053632304371605724,0.1069843371766322,0.21084129747094463,0.1597717631991414
0.02625878289332231,0.007854593839857428,0.03999358988596549,0.036047349419736856,0.058686888092752236,0.04170157254030076,0.10879490962931777,0.02215873400436378,0.02811593788331219,0.04448567065131094,0.06932213559620881,0.03794152961177079,0.046821090321727224,0.03915021024847065,0.17252488144016057,0.08004999946741485,0.02481219434902054,0.016237217943390676,0.1075578478430325,0.12823389154730438,0.1832467706054343,0.05113161381074159,0.020696925711353013,0.014259977148120056,0.0,0.025060707410115166,0.010843559419856014,0.018083400886557008,0.26208890262826623,0.2571342158818439,0.017809456923233536,0.027369946051792247,0.07413350373004601,0.14214163950136238,0.049999258595123365,0.04618999467378062,0.0021699769405670957,0.00672514050630572,0.012003395893492447,0.010204609432131263,0.04359226754279951,0.16548685834635757,0.007474042645934417,0.007982912240272309,0.18212815555519832,0.09580182375945259,0.3898263669726452,0.2259241467973406,0.10365986450750778,0.14553480432383467,0.0203791686528997,0.030176874693814523,0.022609237791850926,0.03336248949564422,0.10046568165658253,0.08335745871976029,0.04074973587611818,0.19414351667779126,0.1307754651055716,0.12278838299756621,0.08285606554063718,0.07974599065584993,0.06284807629746125,0.04102051632656962,0.052344867960901924,0.10653469877189337,0.31025694512474683,0.19029709660593538
0.024305911148588426,0.008286054065842392,0.042716797536593444,0.03979221403280579,0.05485413494007979,0.046084187232503716,0.10812754032825955,0.020035015056824073,0.028406927971131812,0.04876660450474806,0.06075527118113684,0.048209926742133306,0.04705938272791929,0.05278167143882604,0.1694015459367985,0.08696340000656988,0.02583283624131376,0.020856362413898596,0.0926377451741792,0.188874744032365,0.17306211392120066,0.054067720565330595,0.01505198814166065,0.02149542449254699,0.02862379830925086,0.0,0.010954489948358589,0.019340697349697494,0.2150234245949807,0.3260831251674767,0.017192057683870984,0.030575308566469936,0.06047536263311928,0.18111540575044874,0.049713423834532686,0.0458606807679429,0.0020922490095045404,0.006653916395088577,0.011987028294633858,0.012351958895435533,0.04357840569266842,0.2741913764348832,0.004641585634113342,0.012336023592647289,0.10818223938722525,0.16774230849591376,0.2475399405099754,0.3880470214441721,0.08549970557456679,0.3515722450863454,0.014942136869331752,0.03093070429628328,0.021226989572052282,0.037234459049909845,0.10184047923023674,0.08355948135015911,0.04060753245839347,0.2069484300026814,0.11552234539880481,0.11886053463637215,0.08417949597689706,0.09057301646286782,0.061615252267899746,0.04551871578227014,0.051948014167258486,0.09965541621254528,0.28554668519152854,0.18614699229308038
0.025385281161095216,0.01001050608436946,0.05800326663737922,0.04999515338283169,0.07040499836769784,0.035288780000087484,0.05379418185043561,0.025024396059737882,0.02578328530769735,0.024982410821959858,0.08378119263930647,0.029742303254989583,0.029184072818919,0.021671463274109508,0.11416406581029712,0.0731357793377663,0.024433796579630834,0.009412959975295149,0.07915398452344907,0.09930393276832367,0.11484271543097517,0.05752379895593145,0.013114956384346638,0.009202865310881471,0.012128450276833923,0.01338549681911763,0.0,0.021161361601046563,0.1085819560474529,0.1400944247788874,0.022640501228955837,0.019513817231869714,0.07633227252717392,0.10894177039315608,0.06162738228728268,0.05991031637148362,0.003011345755477283,0.008077374046531255,0.005273583902824121,0.005274432228130138,0.056125642447236314,0.10057775838701374,0.0028808417742404477,0.004692171422823094,0.06943774548626593,0.05236181682939689,0.16934965501230567,0.15531333270517664,0.05836097547869139,0.0855190305355457,0.014326152276794726,0.04000234334650226,0.011492014282207003,0.04099975297090398,0.08574827678520261,0.052694195262412286,0.05774964318108058,0.10330697080396495,0.09779844359730759,0.11146812429273349,0.0774100422214375,0.06363354296669262,0.03312053110718448,0.023209910707259706,0.06515034944457578,0.09379387794526084,0.14870766987656733,0.10141699964533593
0.022789090206163633,0.01062004439160822,0.0573911352304815,0.05263460489073552,0.0590806364790325,0.04175092528592763,0.052760199436466926,0.02427262697986048,0.023804587849941015,0.022819971494257896,0.05925818947752951,0.036023161565128414,0.026515910961195585,0.025421002872412557,0.10753234649253604,0.0727283747161476,0.02200097012307664,0.008751055974653121,0.07716273573130848,0.10238299007837719,0.09810772496521382,0.0601462012006526,0.007470703106279998,0.008913269531914823,0.012240352960404785,0.011714367105692191,0.009419961649833414,0.0,0.08952982946614509,0.12230587755468306,0.021968825708004902,0.018058654199742934,0.07180629769904041,0.10650653341068583,0.06303841322660302,0.0624765067722635,0.002975925494556589,0.008572703187422601,0.0046395119908555806,0.004527871465244593,0.06036515227168405,0.08228317928312626,0.002143274436289063,0.004172555132356443,0.0513567067239771,0.0469093786721839,0.13825646645199446,0.14799159648741944,0.05865301234245892,0.07371483970120214,0.011802703110189933,0.04256714922205103,0.01142232239590882,0.03384092156888806,0.08110305062962841,0.04708354534923331,0.06012862609843328,0.08961863677562718,0.09658606521294459,0.09875718936966799,0.05605209393761895,0.04940437247687012,0.029427628822857127,0.020076773559281745,0.06336414689343155,0.08242714422406205,0.13401786309715094,0.08759296202484124
0.02549951159508733,0.00849731858380502,0.04631982179130289,0.04158536880734592,0.06051712014897556,0.042446692986348636,0.10270218906044754,0.025472699849524782,0.028275838404355533,0.041057074576568,0.07175035195087923,0.03918578111068242,0.04547237485717463,0.0384659564002264,0.168952753567351,0.08711154409512781,0.027178644665277203,0.016021930575212326,0.08985474124297985,0.12922547763396133,0.339129180193183,0.05701590874819553,0.01670056108919347,0.015551699161857528,0.044332376295034226,0.026071269763131878,0.012698385857599364,0.019215163423136027,0.0,0.3494208273324217,0.01944130835577287,0.030443780386867132,0.08137823303557636,0.16300934158210248,0.054114570487852634,0.05097312393148406,0.0024311566680872833,0.007041257223713503,0.029990726282512085,0.017337969812304222,0.04976307818313146,0.18857488712218293,0.0055502376438843724,0.00853794126826903,0.12308214366900387,0.11001794073618125,0.3527662433465413,0.24078422943488184,0.09923670180809324,0.16943443067261024,0.01949207160536898,0.032664578169966936,0.02321452191114019,0.036272555026076965,0.12297188377748482,0.11095802419812384,0.05310030607231763,0.24936451731199827,0.1520949674559451,0.12965547518660225,0.09545078472391029,0.09116488551721084,0.07008256702041828,0.04615124816616946,0.058155695082848166,0.1193166635483928,0.31224810802428976,0.22189051708842708
0.025671478295524967,0.009037338227519122,0.047148507275280006,0.04354198994867313,0.05755094753115961,0.04238881859272766,0.09349108615364794,0.02450705397238256,0.02993688190945313,0.04210505991473079,0.06480586578884258,0.040801323676163896,0.04049138434386093,0.03732846432821864,0.1554987741124485,0.07901798900135548,0.024955239313736825,0.016438380889381782,0.09418723076673596,0.1344717533383609,0.19345547782360076,0.06249954554105445,0.01300361913635364,0.0172244984881744,0.02601007269949503,0.032734411361627254,0.011180844063330276,0.01959545453620717,0.2443333034912769,0.0,0.01952854573391974,0.03458366305263936,0.07228402391025118,0.21251792580612028,0.06114835779245335,0.05551528350790917,0.002348179307527097,0.006993609546910503,0.01589474587548528,0.023995028782643625,0.04928014143609215,0.19427704449128372,0.003874517694683887,0.007273035818965382,0.09662342000573997,0.10413082365419546,0.24811616683449259,0.2339971417665314,0.07823721598030661,0.16343622889870488,0.017009782452790428,0.03545530477849603,0.019032936639323077,0.033943790695778235,0.11972068463260613,0.10885086567402333,0.04697660714296001,0.26698085831144047,0.12434893116409765,0.13501795252148452,0.08005221781999539,0.08418530929235968,0.06379199346535191,0.04791657119931257,0.06343343533579703,0.11458570729142233,0.2682093801101575,0.2137038426886449
0.02274460654020852,0.010041745600700912,0.05740580402483593,0.051204461360597676,0.05582631802641958,0.033075301700995235,0.047570784757220486,0.022749688649551698,0.02335631588905542,0.02139062619038351,0.05649896893162447,0.026478058731000505,0.023449717074618015,0.019911489999275254,0.09674791247443768,0.061941695608151215,0.022911706816330448,0.007972749215340018,0.06871101729161624,0.0830356525140781,0.10539427741778054,0.05886155623526969,0.0073238721841847815,0.008027675293870058,0.011725856931341656,0.010939013561992521,0.009836880998953927,0.022322264921388106,0.08811060159736399,0.11974752785889431,0.0,0.01966537771990054,0.06930898640556205,0.09899163766755824,0.06999658333240795,0.06496747152549517,0.0030308111895064223,0.008163406213944248,0.004658322336773511,0.004833082706951299,0.057969723314422995,0.08210219995297112,0.002050578745237242,0.003601485493052972,0.05043038506316731,0.0424007418483117,0.13626002895886985,0.13018192335693068,0.05539402391159806,0.0690925864244841,0.011780886167930334,0.041324051168364066,0.010345979687174765,0.03512992520443401,0.0881907585576043,0.04616862721283993,0.06210449272515422,0.08893981820195902,0.09522637508714434,0.09565170074360409,0.05636968966827989,0.04830392458346391,0.030245164201711548,0.020369847638071214,0.06709360587319087,0.08056695556465744,0.13795361434365125,0.087194508539659
0.025985148437908293,0.00898515094457797,0.050349545178013606,0.04440624085801636,0.06026433235075033,0.03968624497728448,0.07567618368915738,0.02176749534898926,0.028735286228524785,0.03294187138677548,0.06587671669867776,0.03613047284466565,0.03690148647583168,0.03177577488794853,0.13113546169913065,0.07307875386284618,0.02476355867776539,0.019318283700469247,0.0915586049959627,0.12927238026508742,0.20982641845096564,0.0567417542528884,0.010885994995875994,0.013176572268988433,0.02076941820056251,0.02086980993723314,0.010982438257858891,0.021408677747067756,0.17943777636886304,0.2730410584296171,0.02263658456422866,0.0,0.0737068581045621,0.14248201573576053,0.06593085101612729,0.057596509232938624,0.002609834020908892,0.007628345257736543,0.011183542494993762,0.011594995770804131,0.05036067204097166,0.12589414123989245,0.003191574724158946,0.0063730531804980705,0.07982716368070113,0.0710634952581733,0.22496169643326439,0.21021249316169474,0.07049406994867374,0.11245675912524118,0.01568772132005318,0.03726039736772287,0.016005652256851157,0.02891081645736348,0.10435197961423598,0.08669850142073912,0.05438373942577169,0.16205550621569967,0.12643924385620708,0.11504951138291966,0.06822964989681152,0.05945570900954182,0.04686595736852828,0.03479323418629498,0.06501391835920925,0.09773342690654996,0.1987579508596165,0.14736187148489083
0.025098839299622533,0.01009602167356924,0.055478918419583224,0.05049879716340874,0.06093497810212109,0.03665075857934889,0.05883052035987133,0.02422749358521994,0.025155756508394175,0.02549417172236291,0.06218438349756744,0.030640260715579615,0.02718905906425685,0.023381610337273356,0.11038485802520011,0.07150016719147845,0.021034852824049717,0.00909550794369197,0.07545184186051196,0.09584925351702,0.1150018173753652,0.06102069924778675,0.007841085172838155,0.009280591619993022,0.014410305048715417,0.013013624742248228,0.010345999391223696,0.02283608094930673,0.11640338264382961,0.14161860567348533,0.02173290001804741,0.0197277541983379,0.0,0.11150908397617376,0.0643197594259965,0.06171834598009938,0.0029668303574067623,0.008108401366776144,0.005734692713928178,0.005318390795705183,0.06259669372832947,0.09097124741555802,0.0022581641274338534,0.004110852899843785,0.05338203459716529,0.04825940306080007,0.1518525889627442,0.14721260862632918,0.05956093747065452,0.0762802395532332,0.025769064707305375,0.040818712645257486,0.012553910660035191,0.03500064289530796,0.09120788433066636,0.0538889717558486,0.060411572330932826,0.10073145632399212,0.11087775625606226,0.10132015101363681,0.05658915675957638,0.05141308068437203,0.0348577881033445,0.022464871209919003,0.06651450905435818,0.0869633162784655,0.1443833895889176,0.09454680229348293
0.02393902914440025,0.009295801390816101,0.05183096671856676,0.04761633822618252,0.056479454725395874,0.0396563506646806,0.06493612118191842,0.021668046891574717,0.027976104848104512,0.031132615899030068,0.05947710216675579,0.04027159651761937,0.02959907944384878,0.029858422545583706,0.1290774941529799,0.0823843640674859,0.023518931468533337,0.011627219957588555,0.08169118331101638,0.11047912229707396,0.1332881011880617,0.06260240168906057,0.008823024670004022,0.014598958800108891,0.01666269666015493,0.020901181304996345,0.010844999738478734,0.022931050621622467,0.14202118350427062,0.2554657208101036,0.020376384106423655,0.024657823383141722,0.07776229487837126,0.0,0.0653463383460579,0.057848751713698486,0.0026445829686474382,0.0074643975645073855,0.00828793366639829,0.008741517423500315,0.05300756995724469,0.135570741150765,0.0028126161081925252,0.005928311602699396,0.06598425301169596,0.07072269528009058,0.18275448151945897,0.2087881681311908,0.06646430419403625,0.11479507481857638,0.014921281864946208,0.04160565239259953,0.015119824763089523,0.040354739267899675,0.09988948504698249,0.07215303497541838,0.053920365655650324,0.16676498171800777,0.11395617338763969,0.13249611603819075,0.06789427439901788,0.0684687629926571,0.041711650327085896,0.028592197837062377,0.06640913752936307,0.10126307586815232,0.17448790007094664,0.12839740830347945
0.022800705859203022,0.010105591994500535,0.05660802906677657,0.05098327128183867,0.05578366119695315,0.03355307284340403,0.04962213868238763,0.022636628393476483,0.02364521782865633,0.022304433332225496,0.05712444758802347,0.02792421846332975,0.024006361102593722,0.020516157990844813,0.10065561994552275,0.06570569857337061,0.02085357276564726,0.008599169633921735,0.07112266526897552,0.08723124535946228,0.11676767534513847,0.06028086341964393,0.007227796051478267,0.008416371090010052,0.011829901797346323,0.011735423669913154,0.009580194621960901,0.022316377576053176,0.0999632538546543,0.13348550547112265,0.024349763925027128,0.021334530770504144,0.07117316045473228,0.10403367108119126,0.0,0.08614319723124293,0.0030093548757238603,0.008112797660095688,0.005928912702128907,0.005605694370180953,0.05818916572989315,0.08399724180237203,0.0020236093700368835,0.003710916350614077,0.04908702135862622,0.043584348097849966,0.1416915380416326,0.13364282166007954,0.05606605899237029,0.07055693372763493,0.011672774721811024,0.04136334618629293,0.011366314954915266,0.0329783343728595,0.09153769463932572,0.05383568034270384,0.06290664044324057,0.10099475946659034,0.09876095015602411,0.09964876383464745,0.05499313110602848,0.04908600180099152,0.03111902357269167,0.021242007312202056,0.06764377396916793,0.08349999967630842,0.1368373515674865,0.09032012483952222
0.02288140240402194,0.010179749981132831,0.05685191197682433,0.051915756172527715,0.056509554910178734,0.034304055069528765,0.05005052207567273,0.023045666148916736,0.02324008662637139,0.022094416487444663,0.05699181689017492,0.028019826928556757,0.024092350396395595,0.020806836271925425,0.09831252622752926,0.06603616808912346,0.020052151195205783,0.008087344741771743,0.07137048612940396,0.08702825204346122,0.1010948624588827,0.060964523479876576,0.00735017470680149,0.008342016638185389,0.011901798948264203,0.011489467865776473,0.0093592038770633,0.022570160109232684,0.09205259276226518,0.12178933306078957,0.023055886428520186,0.018653382639565074,0.07141890265663986,0.09953046672685473,0.08873133211751669,0.0,0.002944441904627126,0.008579842969280138,0.005103665274011251,0.004830135982658246,0.05884629121473358,0.08255648983810723,0.0020499088931781205,0.0036529613164747493,0.05011494015167237,0.04329048992303455,0.13647334051570956,0.13576339139414847,0.056766831432416294,0.07067293009513981,0.011794370872440835,0.04290696987117976,0.011279153971165218,0.032833541568796726,0.08365244223203737,0.05385037125438335,0.06133621750257742,0.09872256442561783,0.0959954263877521,0.10238174422626335,0.054737643319784146,0.047709376490160896,0.030493778604187134,0.020817828376419528,0.0659012396060422,0.08311856314176232,0.13734011769920343,0.08827900248512065
0.02282557523616431,0.01016516411839255,0.05720246274531356,0.05153512587508392,0.0570469295034551,0.034467801805823185,0.04979781071841334,0.023133751653256786,0.023360488141656272,0.021875806871452547,0.058252783346960574,0.027480826788530047,0.023969263263120908,0.02065546953464124,0.09766278992514069,0.06616337259704062,0.020165117253889264,0.007963439941298417,0.07410130867516672,0.0859875475678654,0.09902765416100219,0.059681192748899395,0.007570347985231028,0.008274452879498165,0.012131782346617404,0.01139030728476532,0.009844512190108817,0.02261609113899697,0.09092591776663649,0.11712641238543899,0.022409222983074746,0.01721509237487696,0.07295117349515039,0.0962237153914056,0.06556906782536297,0.0625562284433235,0.0,0.008514681789092175,0.004587367458646636,0.0044015338344063305,0.05959874794748138,0.08191103168481967,0.002083974851419778,0.003647507312690268,0.050769289569706944,0.04301955779944889,0.14686146646332282,0.13400742719135073,0.056806396811460144,0.0704677588685462,0.012301462230565836,0.04155054852434994,0.011133533790281269,0.03296134929946439,0.08200730984028784,0.04611200755248613,0.0619619542508344,0.08602728721465464,0.09518899426862357,0.09677875739597153,0.0547657359092765,0.0471923709943363,0.02902522184704447,0.019620423007546683,0.06337050393751265,0.0802587268073275,0.1338826222460767,0.08546107883221553
0.023598850102687082,0.010190868500827528,0.05608532358797793,0.051476251693419975,0.05662063507045089,0.03449428580527118,0.05135527669297544,0.023773854254878667,0.023165042834142464,0.021666714425287576,0.05735427244336058,0.02823807104299694,0.024164945206820516,0.020915742521664855,0.09844314071804072,0.06766502071424034,0.020152537952548958,0.0080451173414528,0.07365233329990582,0.08964209838918423,0.09631959101140465,0.058292974494710645,0.007749070338565751,0.00847840434411986,0.012261379758305579,0.011865314757479112,0.009505601252930087,0.02287039380181889,0.08855551563001053,0.11768068249756661,0.021333791816994595,0.017346652531397902,0.06809899783973761,0.09375198737802769,0.06250262114590151,0.06370323080152535,0.003027573070029952,0.0,0.004491448173475755,0.0043520926621699344,0.058048849765904936,0.08988743821864865,0.0021324625230224117,0.0038379814466422088,0.051872959316304056,0.04527594493819,0.14251664536981795,0.16070539361642056,0.05892388319112535,0.07394926286351974,0.011667093357895321,0.04829960358817993,0.01140278507040898,0.03276170519108918,0.07829511887827083,0.04769109352685569,0.05981188312635597,0.0895854066465654,0.09248682225623762,0.10874001183613385,0.05540779491921977,0.048715592399908636,0.028573013928149253,0.02021487419211126,0.06290440141723959,0.08342539386731178,0.13675150442096948,0.09049421837820652
0.023314357058042433,0.006908101487213654,0.038086611027398964,0.03496043368433366,0.04716238566392318,0.0391365857244916,0.10416011949878823,0.019946237285316266,0.026870516666403856,0.03901269288521799,0.054078283688046944,0.034364841899683335,0.04185687718503291,0.03928525188320659,0.15231714239673935,0.0778256898863376,0.02334886548990802,0.017038134758073906,0.07767149209517638,0.13039472501244054,0.22819884157348247,0.04588204798938237,0.013333220935504328,0.015850792465980347,0.031947530478830054,0.02980278920233786,0.010414889415162904,0.016132718106357677,0.47464615788364556,0.35801991475437456,0.016689703567519622,0.036079535474931985,0.06576940446355435,0.16135989027842165,0.056870843280870824,0.0513592090507822,0.0019375190397888165,0.0060993447410203514,0.0,0.02929972832899662,0.03758849621807258,0.20724193079839076,0.004671275260410621,0.008940011703732143,0.12273742964020197,0.12018764776484278,0.23268165537153937,0.23272957652455364,0.08957101305538084,0.17774267817967113,0.01491468348311885,0.027543876358720278,0.02287844517637569,0.03139472626792542,0.11308840148986726,0.12262873250249169,0.04406538459542764,0.261617425139466,0.1159688404809831,0.11315000364999885,0.07713504571309326,0.08533784038089726,0.08436272567999013,0.05373330274774302,0.05024754744742379,0.10318127073819182,0.36748577320573744,0.2260477052667056
0.023139495994491163,0.00704387077755939,0.035219368401747615,0.03310680181005436,0.049588549925845764,0.039319186533039854,0.1032285347381016,0.02104215268587205,0.025347380448745196,0.03937682665905618,0.054526058486709335,0.033406009176669485,0.043522373733694907,0.03704852861266628,0.1572565838729509,0.07104301975270946,0.02353924608132816,0.017528293489927398,0.07668545066559686,0.13108500450187394,0.1966255908921911,0.047854779542057274,0.012658209095683428,0.015265288659386525,0.027791988778057327,0.030545168474539443,0.010009052502972479,0.015217495664645276,0.2965519830140177,0.510885979304251,0.01705645174995803,0.03497645183302155,0.05953465728306653,0.1735918649912746,0.05507305820115192,0.045555605540557896,0.001917087285059502,0.006184226682654338,0.03063728815613331,0.0,0.039992396476622616,0.2046066275880044,0.00429619437122986,0.008403828376512453,0.12181402510989953,0.11246335190347594,0.20871719836436542,0.228640900463582,0.0789543632808253,0.17270136306239658,0.013635395753567823,0.027530599754414537,0.01923194975520558,0.03252391921913759,0.1186679651107526,0.10039835433988284,0.039746313576898375,0.2688793745287074,0.10048060407988606,0.117530163709433,0.0725993147726598,0.0764789929005078,0.07573751434043217,0.0561658185731714,0.05123390396463247,0.10090955905452448,0.36125061718574886,0.22592678405363908
0.023119808154796227,0.010223480367368488,0.05696857375458454,0.05171608455698898,0.05924665850715734,0.03446279654692153,0.051210384127181395,0.023272558220805217,0.023686284160597544,0.02224540715720931,0.06111589159407518,0.02807986520990585,0.02395952867236477,0.02080349589001086,0.09960830573930868,0.06797690633398748,0.020188804776970586,0.008145488617407987,0.07478363531875226,0.08617421216723078,0.09922621441784217,0.06003371781090313,0.007509580435512008,0.008372503472120232,0.012871178718764508,0.011556888618284218,0.009934881445455861,0.02314073946180516,0.09235948665703946,0.12146825472347245,0.021818654627241973,0.017704182592545678,0.0755279410596889,0.09950533835471642,0.06376690739972185,0.06263246723659939,0.0031040763298148012,0.008280476777434296,0.004746303742362936,0.004558192580636621,0.0,0.08412507415741252,0.002216814102544903,0.0037750811442639723,0.05215263777697685,0.04403645785163165,0.13992829276640054,0.13623207604681542,0.06080403202793796,0.07115741459417356,0.012513746240082271,0.041619053682229734,0.012063699865290831,0.03402926186308164,0.08219150062379131,0.04731456012793801,0.060469852685454434,0.08867542191793383,0.09924919671857307,0.097231745979475,0.05806236935822137,0.048783329623414924,0.030093207311656524,0.020151105612642214,0.063834157057102,0.08175964563643699,0.13681242516105382,0.0872175130533784
0.02839800139046748,0.00835771474020878,0.045225625119385965,0.04150569508053592,0.05345123831481659,0.03849358051590379,0.09988312613483172,0.026224211976756864,0.026564123799647225,0.03912484290017046,0.06032166096318606,0.0348515794494782,0.04021515436687147,0.031514623723028684,0.15565398141294387,0.08149749478540501,0.024699746569476138,0.014000936419133561,0.08654691953994695,0.11612483519442487,0.14796130139339675,0.053756401889076856,0.013570810814319895,0.016222828401443214,0.02791385906749631,0.03946911957099024,0.01167162354376484,0.017496986276757824,0.18473367513705177,0.25500145030772453,0.018158362778436174,0.024518293579291844,0.06580972290967192,0.1649778359899712,0.05340322253011673,0.04776388028294104,0.0022993215011801074,0.007820422547002447,0.009785135134531359,0.009925331972118609,0.04876228965361574,0.0,0.004607622120294493,0.012381616002571713,0.11726234443399028,0.3321973505242251,0.2565207004603558,0.41739779613941963,0.08834759220282361,0.25176203780886647,0.01577245079874765,0.033418618482917516,0.021307794099454096,0.04308612791006901,0.10934277592853765,0.08497591747918877,0.04536962823496823,0.22106202988630289,0.1189052989564798,0.16555766170165973,0.0855980919833428,0.12346888504580437,0.05981123214910641,0.0485320391665646,0.05896804869263061,0.13243532372653777,0.2796350897732217,0.3337394893432633
0.02072976255252503,0.00602957100272623,0.0333331182705677,0.029724466916119508,0.044931335141000166,0.036379126763514055,0.1003115606018246,0.017635300650864327,0.02366728282323796,0.037647614805847385,0.05876497579662924,0.03197113121827924,0.040438954242190586,0.036147013139721185,0.1376252173445883,0.0632014445850843,0.020613671136723136,0.014654269874842514,0.06952313546269462,0.11285666887741856,0.14516829345596868,0.04105805579362452,0.018854908530636698,0.013885210087768048,0.03986235383101026,0.024930125109428925,0.012042043948536035,0.01502819300466236,0.18237355273991074,0.2443139062476063,0.014428930587797048,0.024243571049757773,0.055731473624432586,0.1300054579335388,0.04280823000394652,0.038815773696874195,0.0019089771707205192,0.005749709174043602,0.01056450572264883,0.009628231810075227,0.03798823587049596,0.17639372834318118,0.0,0.011562308395007378,0.45348892051508854,0.12681198052505244,0.2686002206144211,0.2268247099585595,0.16755684989462954,0.20332912305365566,0.015104119227950566,0.02449466055426465,0.03712560206575334,0.035297703839016356,0.09198812117706735,0.07211409151623864,0.035546039169834606,0.18324506396012719,0.11740394237546159,0.10712939216389171,0.18983929267357336,0.10404992622619823,0.06423761819638388,0.04273424740423068,0.042702996788143883,0.0974219767243018,0.37801467052925214,0.20723105471075073
0.023556778729220566,0.007763030826512416,0.03812695906955375,0.03324323412845639,0.049050510403567185,0.03935819411140882,0.09920422790435057,0.017853715525023853,0.02548607219584037,0.04357989307411941,0.05512692817776903,0.04068598730968724,0.04556746085276923,0.04563108519681811,0.16358288512051813,0.07498573042095136,0.023980625456212573,0.015949903653620555,0.09169943509335134,0.12699087882328863,0.15967232694257086,0.0445656399416356,0.01384269240452971,0.021848765631855657,0.027310304129768717,0.03592329326828002,0.011503811726694641,0.01845640141326243,0.18184579435672193,0.24617646884055822,0.015984519839694764,0.02539656276565153,0.05944466700792998,0.1533554811687911,0.045625620244637954,0.04162521329726658,0.0019716703684160377,0.006215268783266014,0.009468890245844156,0.010044373626387389,0.041568367839064306,0.2691660086067985,0.006620621119955427,0.0,0.1418146100332629,0.40687102849666484,0.24262075332188704,0.305799304269536,0.10052173397409965,0.4928063487515327,0.015552606659598985,0.02916939840429717,0.022939090166094897,0.04794828395943197,0.09818603089475784,0.07072551434839608,0.04059702284106219,0.18146082451616688,0.11274442042928938,0.12143685282506075,0.10379877329881591,0.1162433547782047,0.05953924310104408,0.044022403382717366,0.04893547363844305,0.1121544692778368,0.28294397599243487,0.20879324362089688
0.024868053183676905,0.0074513525246379456,0.04262128894668245,0.035219925230740794,0.05628141127191445,0.042204609556301516,0.09374024541967971,0.020233048928497237,0.026287792382008936,0.038858022896097896,0.06812497523868538,0.035143039594627196,0.053740006955748,0.03994294435096491,0.15446936061392327,0.07161683418845027,0.024714949557825126,0.016081686161826605,0.09281047930732497,0.12078669538415335,0.1617501981287512,0.04301563657102026,0.02161226715393064,0.014970582203194307,0.04132974726055555,0.024165219734571846,0.013283858296835845,0.01687437436294505,0.18737253859189817,0.240870540639172,0.016064032350029893,0.027453977990842114,0.0585832644320359,0.13849135022899486,0.04511392727621135,0.04201314158656273,0.0021240973169016106,0.006338613896048734,0.009544669699272954,0.0092665171266566,0.0410379590083301,0.17496854293273603,0.019006551059000686,0.00949021998782273,0.0,0.12417372232013044,0.3098126014804271,0.2482666357361458,0.1871829182844935,0.20462226485967444,0.01859952940932843,0.0275651804466255,0.027875702014752892,0.03607596197044999,0.09389494767495177,0.075374024961477,0.041178789186677854,0.17393473442257926,0.12172104965555507,0.11577806324615741,0.16656342799600443,0.10648212878601625,0.06365663216708495,0.044464110324939195,0.04988795837638457,0.10172038671641412,0.4020505150432128,0.2287180088552309
0.023418698405386306,0.007697145471707268,0.04141684080963304,0.03762049036677151,0.0505468373915719,0.046501813181054064,0.1108693671061379,0.019057344507377474,0.028038558855253127,0.04568247768870703,0.06003737181072943,0.04337523383299749,0.05511750405624665,0.049529862107821336,0.15888842116018717,0.07561201455374404,0.026265228441108898,0.01558214556249751,0.09084110348282981,0.1369764928592499,0.17010059876672481,0.04938295293341247,0.016041144328048935,0.02507843388601683,0.032729043452382776,0.04404354831126851,0.011524635485041632,0.018088835881822918,0.21893861365967343,0.31096465822437935,0.01690465133611771,0.02719564246272251,0.060353847726940746,0.16352113834067195,0.05065733481246075,0.04328785141272611,0.0021529215691377924,0.006624062722700765,0.01175751809960823,0.011200564831024986,0.04473239395290255,0.7598046004943733,0.006604505690421731,0.03744688359120513,0.17864679143209677,0.0,0.2747822083593477,0.4537196883635326,0.11600948207363734,0.8363768225066145,0.016001845375484734,0.029741623688150528,0.02269468175479146,0.04394427980502605,0.10049889288187333,0.09009726988301536,0.04132883784076491,0.23217675850786693,0.11595020936866998,0.1443501251563455,0.10789688342555288,0.14035973863257406,0.06401841227656216,0.05288693922229251,0.0530843166410589,0.12281161253198913,0.3396586090806698,0.31507931925151106
0.025555227888759056,0.009159897593962402,0.052268556567994416,0.04200214756915121,0.060563362460363306,0.042503981661076454,0.08362146365544432,0.025074762380826572,0.02772446489192156,0.03598191924409738,0.0663844531236796,0.03423108203704992,0.03713948852924247,0.031301670983459554,0.14978496621329074,0.08138463757853241,0.02422586427797796,0.012963974716632649,0.11123301353538882,0.11612584679250101,0.1447780524805972,0.05598231121361147,0.015929271125172836,0.012786226542907552,0.03033103857187695,0.019552510948248444,0.013127899273798347,0.020902051111600126,0.20958118968649148,0.20338883438926528,0.02016546606850849,0.024518661324403522,0.07170703526399347,0.1247802257169282,0.05747382050593145,0.05361035187385638,0.0027459450565720726,0.008130325535274902,0.007650960194792228,0.007568112045520568,0.05083132487032381,0.14246469692307537,0.0046723894405919075,0.006360221946170691,0.10769299665760707,0.07791751854702719,0.0,0.2187700858245438,0.08611131122946478,0.11295792418086258,0.027919443545939733,0.037301110838755425,0.016634019662094445,0.03386984034102963,0.10921884665409515,0.06592528312467238,0.04782317537388349,0.13901781357061954,0.1746649152971399,0.11268709215373558,0.08249381055971619,0.06603908961915268,0.04318787546301581,0.030949209491036505,0.06164472011727625,0.09591252608921216,0.2119437500207545,0.15275096893404563
0.025584511619862367,0.009461897100037753,0.050391681960266964,0.04493600837342846,0.06282347922351582,0.0479073007263586,0.08553318219103809,0.022630463583245244,0.026492646249064528,0.0351859220372401,0.06591429671096405,0.04515665233665523,0.04215340697054464,0.038965928836774084,0.15573597945667142,0.08902069772280853,0.025241179906083693,0.014691623475921624,0.09346067616156595,0.13443938933434962,0.12142831784948217,0.05576707408573049,0.01210621070091721,0.017748752035356984,0.02028876334436745,0.034248804790898736,0.010958764339020991,0.023147994833816403,0.13951843190110277,0.17613646694271842,0.01948751956561679,0.025644202843539608,0.0682813831992374,0.1615637812695428,0.056493028174672125,0.0527238745303564,0.002619237759094583,0.00926229387268422,0.006996501289080389,0.006836168494757844,0.052261058020478895,0.25160583498927847,0.0035293735481499674,0.00902824304841743,0.08524452133580754,0.1271892231202996,0.22326212138740031,0.0,0.07718213272092206,0.1774033007814735,0.014242377278248525,0.0375850021315699,0.016402227712251277,0.037158761798401524,0.09058917587887956,0.0626910167889515,0.05198484305533036,0.11871838761829814,0.11264333190220258,0.10784822947022088,0.07263886571979018,0.07129868191292954,0.041820878144773976,0.028249577654401323,0.05619439020553442,0.09184382161845064,0.1845814308265703,0.13383151250045192
0.02254976843682773,0.00899084010042804,0.048282679225623355,0.04289741482300804,0.06009225769563261,0.04547660393223207,0.07485713622594868,0.022816210758244904,0.025526910611768244,0.03546697285817657,0.0662512230681256,0.038138926073129076,0.04203466921307648,0.035964149090326955,0.1324986051677941,0.07742993183119495,0.024802162843851467,0.01304475728451821,0.09872554945257261,0.11664202952857707,0.13450532804406132,0.055551626766770425,0.010636412470834264,0.011966472218256046,0.025339684890297403,0.017936336977629214,0.010048244503352647,0.02081739493569294,0.1593811775380535,0.18111822532811564,0.018878911027799483,0.021535649340278074,0.07079276561858716,0.13072278090548878,0.05690738235398602,0.05162130943896544,0.0025964339343705644,0.0078072686298398175,0.007301704770813225,0.007153660859175078,0.0507207675408535,0.12789297933318217,0.005876709325376543,0.007505472535773831,0.14039263277432565,0.08405140982653492,0.19713255625872148,0.20000186815950008,0.0,0.1325739745405591,0.012711025560339097,0.03540981909890296,0.027114545399095004,0.04030823011803656,0.08625973252503598,0.06454700977867527,0.047719029149324695,0.14283759040375377,0.15235947852388332,0.119637353469415,0.17579517189394706,0.08602065329060786,0.04378096796858546,0.029330888488656042,0.04657339405246901,0.10022176891756086,0.21634815820170203,0.15238160235464468
0.023713774195314005,0.008608910544894923,0.044155997003842214,0.040169745986100805,0.05603660613073981,0.047569097035505985,0.1064704264651699,0.01905938910094262,0.02843620835131723,0.04844751885185471,0.0594253338628978,0.046699121422544815,0.056969618766018214,0.05951128428486806,0.15578442606736728,0.08065158389803667,0.025764144378108242,0.016318367516388765,0.09767894800125204,0.15328805683370134,0.15952946554632616,0.05279838086400616,0.015349308021005752,0.030057961218746394,0.028542491893922342,0.06172627198216188,0.01138814643730245,0.020235155471642542,0.2008708594373423,0.2739556384130663,0.01793356443085013,0.027035798032448207,0.06619515960018026,0.16837086766635784,0.049199371270520195,0.049165747515856284,0.002259404893504748,0.006806443728917079,0.01062500967492243,0.01061594450906046,0.04695285353440056,0.3945139869140765,0.006614117467197977,0.02664360409126575,0.16075099278412058,0.542642058533227,0.25453710828535153,0.39567907379353706,0.11948603323627417,0.0,0.017289875288922455,0.030337440935156775,0.025014318148226408,0.04486795421096713,0.10390089468697737,0.08648639516392675,0.045702884574490794,0.21108639119259637,0.11851484624643258,0.15276842706207025,0.11752092467017693,0.14948137660389252,0.06312389318946689,0.05128986326254857,0.05581571183085482,0.13695709379684076,0.2953280256078008,0.2914432336384246
0.026135428623251057,0.008839728849830315,0.05007104314087396,0.04442255147678584,0.05447751621444571,0.03865743271035048,0.07096569734372572,0.023727953866866734,0.02699611170785508,0.02895566810158341,0.05612471985768395,0.03150556201057419,0.031170515106015737,0.02764594122821071,0.1274021809452325,0.07484922151450012,0.02098087150805653,0.011435423362050287,0.0790602701013286,0.10076887297429638,0.13607208879236773,0.0541806090488108,0.008524164312821651,0.01057984843820984,0.017821047655080115,0.016493720443664955,0.011136211275753668,0.019701495687265844,0.15002066794316363,0.17593082138797583,0.02025965878437743,0.02432370378101865,0.1452107649930353,0.11964854047309258,0.060601815538703224,0.05501951021819047,0.002813056185975917,0.007442692303089119,0.007577872846577876,0.00658956002372689,0.054178399943110384,0.11312163027793667,0.0027941816532080755,0.004892401633205425,0.06648893888574813,0.058737847281435975,0.2711453187187325,0.17310009024945378,0.05938488603029757,0.0919770525059075,0.0,0.03641626605728022,0.013155722959977289,0.03417245182203655,0.10936290613110947,0.0644664428015955,0.053071847046822045,0.12157004232171101,0.1495898457989364,0.10858263093446735,0.06265344362709421,0.0626553894664259,0.04317254838594553,0.02676286109494887,0.06406682382799557,0.10261390431448808,0.17531742211560686,0.11539689169045135
0.022870995272208105,0.010158357028990955,0.05674991975494561,0.05151504078141968,0.056424806309377185,0.03470121744214073,0.04969560693527101,0.023133731694977216,0.023094252615832898,0.022000192915219305,0.05721993706997599,0.02819512373450963,0.024025440977900596,0.020983240278128215,0.09821717461712305,0.06763925320796771,0.020178134856080183,0.008063411094080177,0.07079449049501542,0.0877569184125868,0.09688329145411302,0.06031765236698374,0.00734372972607092,0.008446977888098091,0.01183180119720731,0.01165203272834909,0.009357704393359584,0.023250414133648978,0.08939550854462905,0.12257464477509394,0.02180351345309108,0.017331264187914606,0.07055389979274546,0.10367345110863826,0.06388064998154576,0.06442306222592249,0.0029798493008567394,0.009428130682929489,0.004613190290432139,0.004525591433345646,0.058738318478800226,0.08376137335038332,0.0020276619546103197,0.0037215369003478637,0.04961886981896446,0.04407935924727798,0.13560094898280736,0.13922612793661804,0.05617555127132528,0.0714876642767089,0.011741120547973433,0.0,0.01096033771038659,0.03445596710229814,0.08185898741433598,0.0468587617040775,0.06063129529458851,0.08813989178135925,0.09331889247236866,0.09860174799413844,0.05423500805126616,0.050613782965422856,0.029331115661444807,0.0198730349349808,0.06435576641353195,0.08186996599790536,0.13411527690190064,0.0862068966056426
0.025543439293305208,0.008832936515645628,0.0454090520547632,0.039578845913001814,0.057412979437531673,0.03810027742538261,0.08807428039768865,0.022397202522138657,0.02615464665473976,0.036247328848834345,0.062326484358380285,0.03441962128111567,0.034436184195598095,0.03329440228004861,0.14210078483005942,0.08080388111097897,0.022045658263904942,0.014029290456016235,0.09075389791373312,0.10162732353149609,0.1418056021481087,0.05073812380667556,0.01225632086258891,0.013054929870118278,0.02638382254961274,0.023256476202285218,0.01198701320502781,0.01902520975908283,0.17351175251929307,0.19011870072231585,0.016412973481385117,0.02075980615655146,0.07686641029426934,0.14763133508980064,0.05306415483959465,0.04851897329844505,0.0025292630244110065,0.007297163550561825,0.009586413862740962,0.00811976214830981,0.05203562625152843,0.17523860107774591,0.008597946871909228,0.009897250723558657,0.143310513032211,0.10417228929706017,0.24086260344605373,0.23442635019399688,0.13593672014004834,0.17458498459331623,0.017784027587727298,0.032940429312159604,0.0,0.043687749431875054,0.10240801530096616,0.0832108708756654,0.04905441934787576,0.18298105423008815,0.15558060088755551,0.13981487218484245,0.1290785240470966,0.10449286070394236,0.05850040811266063,0.04217322459334767,0.052770795621219384,0.12153364853355954,0.2792007016644256,0.17601570874896832
0.02329157903240165,0.01003515188656743,0.055611926027979326,0.05073790846380499,0.055763014674794185,0.03760170625689651,0.05467765323231557,0.023487926663345624,0.023666641952942262,0.02372653647597208,0.05633666880037825,0.030533868998567446,0.025268828982363732,0.02303815217181137,0.11364049833262906,0.0728053021641808,0.021724944399489368,0.008496398839100945,0.07333093387721333,0.09570885792865773,0.09061464871069572,0.06237880695350026,0.007783251287635246,0.009156578029992595,0.012507862347469154,0.012959003793684499,0.011153890205614516,0.023113536682922434,0.08215298406032902,0.12226318812911231,0.02314460918973528,0.013727934344053495,0.07376625562574514,0.12049115098602814,0.06339387292164135,0.06115174958269543,0.0029284598103418045,0.00856007891102096,0.004304501747710532,0.004574718289742703,0.05938589276161622,0.1014008668841772,0.0025830594404217286,0.005302961605592051,0.058639801620343705,0.05688023999870818,0.13832479985846288,0.14468361768669755,0.06583473677891108,0.09077728936795736,0.012575566325878989,0.043617828576318664,0.01261345832619199,0.0,0.08268402697921458,0.04461057938143103,0.059793839559867556,0.10820951629798793,0.10058970511144363,0.12603255654519882,0.0682834661003759,0.08351990269833835,0.036867814357464286,0.02183524270300076,0.06136099297298807,0.11095704656502475,0.14111814352227806,0.10461777052468754
0.023800236163992815,0.009771013816781493,0.052255636612601734,0.04835396513095338,0.05756166487155689,0.0366029336188359,0.05674337610097289,0.02339032557357814,0.024871026373485428,0.025305612563790412,0.05594942744358227,0.03098095276023653,0.02780593060409126,0.02518966272837739,0.12173532797280845,0.06979951337888297,0.02212956028686795,0.010123949771444624,0.07660304567776169,0.10026622866157524,0.12136768357592995,0.0553843051719834,0.007997780644162261,0.009492438258502595,0.013533647698956722,0.014449148101781417,0.009867876691239263,0.021146703024052298,0.11688385680826859,0.16016138104456226,0.02367740599245215,0.020936947394478295,0.07423275601411743,0.11688896248748823,0.06837867840857309,0.059600401978461906,0.002837398996153278,0.007545468549613624,0.006493828932814998,0.007304374042640966,0.0544942408408748,0.09924848596141105,0.002038729071839165,0.004035493227537836,0.05219765087909264,0.05085279237684871,0.17397121643546365,0.1558868849055846,0.050675274839214475,0.08121667485318346,0.01379384994362317,0.03900697438313915,0.011123647489758498,0.034027047988516954,0.0,0.06639257989559341,0.06420509400491303,0.12402792487893945,0.0893432345933471,0.10848264438234174,0.05659762055164722,0.05908098327729376,0.05272680380558226,0.029849324659429945,0.07081627385589243,0.0984220539002509,0.20838990111495329,0.10777830826817314
0.025001990416482954,0.009212888791107966,0.04986459458708222,0.04474871123540567,0.05671478274418852,0.03827039217893746,0.07586297227607515,0.022333184879540696,0.027429020881295906,0.032293980199012154,0.06132618233765535,0.03391135350912987,0.03256530697039614,0.028662142210351002,0.13800719253606672,0.07672217435206297,0.02321258712514921,0.012695280049319767,0.08494701612059678,0.12189571249846186,0.16480430179650776,0.05627748741812708,0.009858601873347398,0.0124810223988886,0.018374239173785726,0.01888917205733933,0.009615503459071887,0.02088011537979717,0.2016460954959898,0.2690776739829082,0.020241258098539643,0.03202806451204262,0.07029062027163085,0.1390989248355851,0.062036359160404675,0.06013192011296939,0.0024529298167499714,0.008117804459625046,0.013783335711405496,0.011028649326148998,0.04995906742081293,0.13335463603780054,0.0025997447624903753,0.005044737851781422,0.06998679785816438,0.06584726810131727,0.21028275456409484,0.20716479232029078,0.06719729167740456,0.10065728923175349,0.015564686376682808,0.03714132235974651,0.01689066538504834,0.027467893783661088,0.12262167906324314,0.0,0.05079259237489671,0.5538109635726626,0.12126350973256866,0.17694199627456197,0.05875165422334206,0.0702011100654787,0.07940681643625683,0.07782470664574657,0.06362765409275709,0.15423440104937297,0.26321169991052057,0.20928908026321788
0.022894068542776844,0.01019357673398401,0.05634483053237587,0.05159998275657746,0.05646778794499859,0.03427381277602256,0.04993792040266051,0.02315387919045173,0.023208212668568262,0.021936778795158537,0.05688547426832481,0.027710176352346492,0.024036116154713492,0.020804044641738764,0.09874271697410515,0.06772348150668633,0.019994420727868615,0.008025690311745786,0.07118211170403736,0.08695726543510651,0.1001767036707898,0.059927712480759406,0.007262357195070254,0.008266677811180054,0.011901563243205217,0.011498675854274805,0.009287419529181069,0.022549320431867678,0.09539842154369264,0.12016869562138563,0.02235520695815137,0.01826244568025596,0.07176428068428246,0.09828396305113175,0.06733708996589945,0.06407148194841494,0.0030346410546349583,0.008221975450902913,0.004804577489943805,0.004553384421418766,0.05862123981933668,0.08239566884009787,0.0020397605956041626,0.003643367033811016,0.04979782418694961,0.04316274270445042,0.13916209521590756,0.13481688339775166,0.05643775747789592,0.0702512495209841,0.012000986040974578,0.04176046109784653,0.011134522052976152,0.03369167758373787,0.0928821338403043,0.04838682117074043,0.0,0.08924660078956875,0.09633223668826475,0.09899052690976008,0.055250375782668656,0.047446268394245615,0.03003027405000813,0.020305496078501375,0.0713396195721794,0.08237369312058906,0.13793307251213072,0.08635006872495149
0.0265028276077002,0.008838814875890949,0.04525884401542465,0.04048805012288673,0.052772678025418254,0.0401856195453663,0.1011029611697744,0.022673188928118034,0.030211260129973036,0.04124216810236112,0.058217507065717135,0.03718178826811199,0.04131787077195557,0.036830728246168884,0.15859269930788106,0.08085634603814179,0.024729369505825816,0.014602190786321979,0.09059756588547722,0.12602139437811485,0.18611861972775273,0.05579166420397472,0.012254295669568632,0.01531829526290189,0.025813285876473562,0.02615064381677867,0.010997247565395735,0.01894351753990288,0.244516991587167,0.3893598040544481,0.018628908718557893,0.029975435974838562,0.06578164094764885,0.1811993164077541,0.061858561682415124,0.05925941425122413,0.002189542564064261,0.007229185323494117,0.015463905132361913,0.017557273767360094,0.04746926483590159,0.21636382500909684,0.003985451725910218,0.0075723160411347605,0.1044217933599011,0.10591336601023474,0.2578656488061833,0.24046739009475965,0.08740381910900077,0.15477568975634148,0.01571916847366639,0.034807015221857814,0.02306409017592379,0.03512849206709435,0.12601519777129003,0.31769899712735694,0.04710680577195262,0.0,0.12934817648321226,0.21637929572442252,0.07910134761006442,0.09621160691604613,0.09162677333385083,0.08265949643659985,0.05939742349880584,0.16629418953937916,0.3259586203849862,0.28837990726829243
0.024904672809520693,0.00990362692425684,0.05486209148402631,0.047295985280038984,0.05935888371527136,0.04060950623583454,0.07188386537328799,0.02529315890215275,0.025004589321262413,0.028749331123337236,0.06271176999630627,0.032791643635775525,0.030946653871567083,0.027836290078406392,0.12918595000520308,0.0775743876535518,0.022730378721298714,0.010857302195742208,0.08716458079621596,0.10860621357561577,0.13354121451905096,0.05870191460547179,0.009903220049264782,0.01115639005969348,0.01971714201729642,0.01637226738756919,0.010682518375714059,0.0219819068577522,0.15296653692969567,0.17373884122030947,0.022090309773625524,0.02295549951882542,0.08296192955726195,0.1278388953147618,0.06304646544682,0.059364741767500624,0.002873142238547892,0.007909325399305613,0.007552440379435201,0.0068395603712800065,0.056346829454672266,0.11090549638825924,0.0033637653338913637,0.005562549980414257,0.07240956406775391,0.06300541039947251,0.2536690155440171,0.1788739434646623,0.08626685599693946,0.10012370321271444,0.018034797944734986,0.038513346889806954,0.018312682559606903,0.039002162659342185,0.08767532027006537,0.061648460926629095,0.05542095949520195,0.1257055137783045,0.0,0.11521045859557176,0.06996167526511828,0.06357802367031036,0.036070164349559106,0.023023153082818392,0.0567832582209471,0.09652765727537814,0.13512249709964153,0.11037714762395891
0.024433172302416664,0.009670303999196196,0.054215110456161286,0.04855174953737666,0.05474963534602379,0.036750420257004215,0.06026700194116572,0.02497475638654456,0.02413467646925433,0.025658399457057342,0.05737440484703061,0.03215525509114242,0.028087717647403226,0.025648156051396247,0.11605070052272465,0.07542852581520822,0.022050947381269566,0.009347567816146617,0.07562369376256184,0.09994787660365644,0.10544607116595432,0.060693440484503446,0.007910243114904942,0.010107490716585796,0.013349347503357454,0.014019647423086298,0.009303764779467115,0.021391985780607765,0.10298886019039243,0.13454401386177406,0.019774631285385973,0.015841327611137605,0.06914789452891429,0.1238033220064897,0.05935049423677908,0.06025587385540482,0.002730104424908197,0.00886816277633995,0.005168732631887598,0.005095201562710484,0.054073764996879214,0.1296024173644887,0.0022710539621504777,0.004465991808366745,0.05843974221616035,0.05969283718285403,0.1499055907954165,0.16581705061377428,0.06459220822632475,0.09574994870111309,0.01264558609293321,0.04064085476134,0.012820858979654856,0.0397328195187898,0.08214860144564266,0.07556410611443047,0.05640885184616509,0.17335313718629755,0.09975795092447809,0.0,0.057515249274381675,0.0760139412541564,0.035441274107555265,0.03318814581139844,0.059301515504652104,0.27199215693507917,0.15639110508218945,0.19775800171827987
0.025863701562243532,0.009000543742545854,0.05015240881376911,0.042966200488746886,0.05574757028030656,0.03820525937820058,0.07589692969332086,0.022696910035668663,0.027027416959364337,0.032348564363285454,0.06139132632764054,0.03380143694330938,0.0337365027212625,0.028867986480295833,0.13749647226255948,0.07645573030815674,0.02405277836532014,0.012227756213102153,0.09122850542535557,0.11057160970958477,0.13518814828240008,0.05234837437551154,0.012042177086677553,0.012619317593463865,0.0221194303741285,0.01884905602435981,0.013663289675140014,0.02026565656412801,0.13068453475412128,0.19490434901511966,0.019838656783173893,0.025012227003230688,0.07246235339012634,0.12828528516001783,0.05462044269395788,0.05205306305589504,0.002630659929048363,0.007586398029543078,0.006955559261584161,0.007263735508917879,0.04990207217469468,0.13484338620136527,0.00894888082397737,0.008402004870109146,0.16074293618316374,0.0857301967385273,0.24256296670746907,0.2023589344857443,0.22068914855277744,0.1436852025525167,0.01840091695247919,0.0343363636092315,0.024163552697596048,0.04249691998684056,0.08942464653687472,0.06295139311378212,0.0510411845553162,0.1330746513046688,0.13574253600250627,0.11036541399146585,0.0,0.10905975238126367,0.04222502385905199,0.03004402389776091,0.05993682101344955,0.09466162409009071,0.26200680479902483,0.13849453741352394
0.025393081037417727,0.009140922753440648,0.04896025291410322,0.04290304800991291,0.05788880517854532,0.042248274258874695,0.08453093721178366,0.022927443805010935,0.027645066102260356,0.03569319633461132,0.06203376459101086,0.03863745463697903,0.03718479454325604,0.03595895303243926,0.1503063703665685,0.07966307691861119,0.02443671315799387,0.013423227380473338,0.08908208844859856,0.12916931298929496,0.1429726751989686,0.05679535962084524,0.011528763193961076,0.014692360086199122,0.0199927564209901,0.02437209457400188,0.012493941752303886,0.02114472176406539,0.16271016847271788,0.22667216607814838,0.019563086841534478,0.023210687496749913,0.07614637829615693,0.1479230219997722,0.05817107849305503,0.05242187646343647,0.002530549198112058,0.007721529037361117,0.008969116067672282,0.009043473215967539,0.05095019553863965,0.18030908001398363,0.0046454392280390385,0.009671477337394143,0.10108929884829343,0.12658037827921728,0.21147897621841896,0.23690450020591536,0.10061751396966186,0.22865150007911947,0.0163987059152836,0.036869483665220096,0.020239615899118966,0.0644309849584457,0.11076326950778764,0.08038232380426764,0.04997690134998071,0.19101904400975214,0.11745994897713956,0.16990418663681905,0.11984603605642799,0.0,0.06234242771851285,0.038862521882455314,0.056864919391986235,0.2128993732968798,0.22049553853589865,0.18771925544418613
0.026189564576091375,0.008503905118161572,0.04171806462036413,0.03977928676966421,0.05418442190979966,0.03761190192574143,0.09404352144298021,0.021589306138119765,0.027604802818489652,0.03980159083586078,0.058740717121499815,0.03472140542495347,0.03803720516632886,0.034974676819829374,0.1545240498779211,0.07280717052912695,0.024268602445243332,0.014314941182844496,0.0845196628678567,0.12311238875194253,0.17243046675252222,0.05035579045152089,0.011797517153175726,0.014201818135942927,0.02599294337341601,0.02344188863142211,0.010578197938357452,0.018716328372420526,0.21322798458547476,0.26306845721873195,0.018224031565881916,0.02740235277136323,0.07336852338960752,0.1518128358915904,0.05314872445465035,0.04854590778344353,0.0022201938621054912,0.006778163580312747,0.013292663710812584,0.012202102596980445,0.0446748021786901,0.18356787687304174,0.004526279732345932,0.007979212333171113,0.11618782007225334,0.09932225910750163,0.243255819641403,0.21735334785622232,0.08515479225104294,0.15888755185760148,0.017157193024023666,0.030916797814019598,0.023300150331613083,0.04199366518735554,0.14667615202326884,0.13154336406831144,0.04669154336803388,0.29455097793106694,0.11080433026342652,0.13855234328232874,0.0914642923205986,0.10184466675072526,0.0,0.11858589153535341,0.057278643488208075,0.15808442055527855,0.582253601180824,0.30502384964917684
0.023631990241081858,0.007914842052306201,0.04079123019066086,0.037443446319290224,0.050996750415822745,0.03601775932726348,0.09082347670531071,0.018848508192606514,0.025303789090806612,0.03811971043316386,0.056738946246601286,0.030427313508307463,0.038883013554341476,0.033016812575390575,0.15135680484759823,0.07172523372461792,0.023453658282013012,0.01394989615886167,0.08530863933054862,0.11549648689306673,0.1615862533147437,0.044558954602767355,0.012392233878355035,0.01412013862159392,0.024437985413068086,0.02276108920857934,0.010016722699669174,0.017043218209226704,0.1976835478618131,0.2598344792967317,0.01661605090722033,0.02614160093531643,0.06689276934451899,0.15054037445744411,0.048936044782105066,0.04449117306537788,0.002114253239354359,0.006605101050718231,0.011930696389485521,0.011629703087832566,0.042384077598236765,0.19400603803773875,0.004259532181335203,0.00829726250752613,0.11917450002244002,0.10868272098265966,0.24328535593876818,0.22748033250878294,0.0820207065391126,0.16231823785891067,0.017181711721644316,0.030347235642474157,0.022876638770128566,0.03202742263253188,0.12117653233265004,0.17108543489609612,0.043491213039983496,0.38413896059117103,0.1013704373778998,0.17436147105455743,0.0802712389167232,0.09637002936039389,0.14976703143996606,0.0,0.06018232378213855,0.16813292283769643,0.5413908941663435,0.5300449027472952
0.023350499385993345,0.010028229283697261,0.05604769511820739,0.05126655996881386,0.05630419113164699,0.03412904784637409,0.05074477786590785,0.023225806482139462,0.023678734618254666,0.02227417942105395,0.055871291444791665,0.02801935152731134,0.024136264245723283,0.020671892181217424,0.09917248784446209,0.06620210342419375,0.020277232496529806,0.008353858921133571,0.07105016266907006,0.08885538624367587,0.1043498013266334,0.058518065030679446,0.007252369523592991,0.008266537533064838,0.012082339360865552,0.011774142475488691,0.009417457799741931,0.022039328900018466,0.09761530053762844,0.1311262147291215,0.022915606624406566,0.01920171880482099,0.07333318556928316,0.10237799280349041,0.06631409279730419,0.06364107269644018,0.002927998725537756,0.008249808478188727,0.005264296271731024,0.0051093886050564636,0.058474992699480234,0.0860297041321729,0.0020237131390692274,0.0036881270347656364,0.0488435163157086,0.04396645870717616,0.13962256666677364,0.13569683340094058,0.05442204751215327,0.0703128307120171,0.012389346492039604,0.04159978039699184,0.011050049389448069,0.03221552219734593,0.09276809583702976,0.054594378602101805,0.06711730859499787,0.10172680620023529,0.09448781014538424,0.0998652381010027,0.05609524327640599,0.04763971726688011,0.032943636181227545,0.024360262121593312,0.0,0.08137939429825176,0.15460405707839658,0.0961549522354824
0.02355384233921742,0.009583765837245403,0.05391520047163581,0.047684338974375615,0.055696809755926245,0.035990597236263355,0.061444568949951185,0.02348254072137066,0.025159513546039035,0.025503420472063984,0.056906087443083495,0.031097645225630615,0.027948646855807512,0.0250893387304061,0.11662859184947327,0.07203018536691076,0.02166374878207257,0.009263122220756596,0.07585829973154384,0.09860847012931771,0.11171327929531577,0.0576272155532558,0.00813467701734367,0.010180948272008692,0.014350742156700177,0.014322608816429813,0.009534999176494623,0.021818266554193246,0.11329911532004361,0.15385903768457684,0.020312416433466155,0.01879439865474734,0.07027272525954552,0.12562455221233806,0.05946239245627497,0.05883475761456026,0.0027015725139854425,0.008170573550762611,0.005799467506855523,0.005656884798278912,0.05281368428638914,0.1241042974732606,0.00242295477502812,0.004942733645811197,0.05854162994218041,0.06247254264418521,0.15670084112614224,0.16029920436431486,0.06446743486333419,0.10090593201598895,0.013225515013804106,0.03874205262635104,0.012914082506959607,0.045167662384695384,0.09335447215308236,0.08330304982952774,0.05505441321825736,0.16948414177598395,0.1086663082658126,0.33818493784124887,0.06204461822073221,0.11237511297477666,0.05038444963221473,0.036312019307225045,0.05499379770944619,0.0,0.14952559486095982,0.18012113055307552
0.026402308636343397,0.008008962160594282,0.042124741365016705,0.036381096733242996,0.053934447805082095,0.037985589733568706,0.09782202982849393,0.020746186170120147,0.02814201681906871,0.041258737503808166,0.05816414085197085,0.035530705248085895,0.04160855222736974,0.03538728522603345,0.1597725513239589,0.0700313294506277,0.02320169195422184,0.0156467661107306,0.086424331373923,0.11280668629776931,0.16327960491130636,0.04613679056087229,0.01307863910196578,0.014844384113326213,0.02623937488696033,0.023589805557466516,0.010855646003735052,0.017340544158540066,0.20471236656831227,0.2576114454308983,0.01676422690331331,0.025840994538817035,0.07100913584696077,0.13825485772963045,0.050641539874585105,0.04485756052599696,0.0021445302695954787,0.00681607298459561,0.011136667230077748,0.010761332419988726,0.04083834171163841,0.18151373618142347,0.004856472320287045,0.007814558773544315,0.14214976623876588,0.10126088800810126,0.3008506973569256,0.22090418080570698,0.09183389888928198,0.145397664331612,0.018815297212419885,0.030518380321193233,0.0205271213438725,0.03416689857719008,0.13319921980809096,0.09402977333735203,0.04576190647345522,0.21266006771523033,0.10688549718258836,0.1317666232413975,0.10172197953178062,0.07563425127030637,0.10364302321161703,0.06579642995706904,0.05231813905847269,0.1056033829395274,0.0,0.23680823690027109
0.0245101313984564,0.007769413297093895,0.04398658001968795,0.03976042922008467,0.059157586997241954,0.04156287772321475,0.10397976814665835,0.021191115873040844,0.026421682533361832,0.039119428073166825,0.061931262181241745,0.03603784475446072,0.05161471275460137,0.041140878858611556,0.16792244033358084,0.07609469481559164,0.02503481745017896,0.0142923153918339,0.09449604712186553,0.12157524142364637,0.15072116803044203,0.04767027006086632,0.014438769922422098,0.015071193802978071,0.028264353070012058,0.02266446108416593,0.011075775666316515,0.01780104978820128,0.20588530441712488,0.2679082872990519,0.016907788264188345,0.024543781478319097,0.06910338623414833,0.15488615302570802,0.05152264659083819,0.04767976349264634,0.0022384572341463418,0.007067451909010477,0.011020926136879463,0.011190180502325592,0.04201429054434678,0.3008585655791862,0.0045951763527587,0.008303867232383438,0.12316708460936585,0.13287942356127577,0.2727885612993005,0.24450805554900193,0.09300392260215722,0.18325003796355843,0.017277219848576664,0.030997123451993066,0.02179563812511743,0.036201641600955764,0.1140648553501211,0.11325713842510579,0.041599595730976595,0.3096552992342376,0.1225293736323847,0.27323679500188663,0.08202383344401055,0.11777239852739034,0.09688023311854566,0.12182797084763182,0.05917415112832911,0.21782675531055923,0.41618801186735205,0.0
